{
    "combination": {
        "name": "",
        "layers": [
            {
                "layer": "1",
                "visualization_method": "Sky-View Factor",
                "norm": "value",
                "min": 0.7,
                "max": 1,
                "blend_mode": "multiply",
                "opacity": 25
            },
            {
                "layer": "2",
                "visualization_method": "Openness - Positive",
                "norm": "value",
                "min": 68,
                "max": 93,
                "blend_mode": "overlay",
                "opacity": 50
            },
            {
                "layer": "3",
                "visualization_method": "Slope gradient",
                "norm": "value",
                "min": 0,
                "max": 50,
                "blend_mode": "luminosity",
                "opacity": 50
            },
            {
                "layer": "4",
                "visualization_method": "Hillshade",
                "norm": "value",
                "min": 0,
                "max": 1,
                "blend_mode": "normal",
                "opacity": 100
            }
        ]
    }
}